Decade,Period,Year,Winner,State
1,1880-1889,1880,A Keating,NSW
1,1880-1889,1881,Sgt Furnish,NSW
1,1880-1889,1882,Capt Linsley,NSW
1,1880-1889,1883,A Keating,NSW
1,1880-1889,1884,Pr McLean,NSW
1,1880-1889,1885,Cpl Fraser,NSW
1,1880-1889,1886,W Ingall,NSW
1,1880-1889,1887,A Keating,NSW
1,1880-1889,1888,A Grant,NSW
1,1880-1889,1889,A Keating,NSW
1,1880-1889,1880,na,VIC
1,1880-1889,1881,J Hanby,VIC
1,1880-1889,1882,W Oldershaw,VIC
1,1880-1889,1883,T Churchill,VIC
1,1880-1889,1884,W Thirkettle,VIC
1,1880-1889,1885,J Christopherson,VIC
1,1880-1889,1886,W Hicks,VIC
1,1880-1889,1887,A Taylor,VIC
1,1880-1889,1888,S Bunting,VIC
1,1880-1889,1889,F Logan,VIC
1,1880-1889,1880,R Rogers,QLD
1,1880-1889,1881,W Barron,QLD
1,1880-1889,1882,A Thynne,QLD
1,1880-1889,1883,T Grimes,QLD
1,1880-1889,1884,A Thynne,QLD
1,1880-1889,1885,Creeth,QLD
1,1880-1889,1886,C Fryer,QLD
1,1880-1889,1887,George,QLD
1,1880-1889,1888,J Stirling,QLD
1,1880-1889,1889,T Grimes,QLD
1,1880-1889,1880,na,TAS
1,1880-1889,1881,na,TAS
1,1880-1889,1882,na,TAS
1,1880-1889,1883,na,TAS
1,1880-1889,1884,na,TAS
1,1880-1889,1885,na,TAS
1,1880-1889,1886,na,TAS
1,1880-1889,1887,Welsh,TAS
1,1880-1889,1888,W Hunt,TAS
1,1880-1889,1889,na,TAS
1,1880-1889,1880,Pte Forrester,SA
1,1880-1889,1881,Pte Paton,SA
1,1880-1889,1882,Pte G Williams,SA
1,1880-1889,1883,Pte AR Addison,SA
1,1880-1889,1884,Pte WH Miller,SA
1,1880-1889,1885,E Marsson,SA
1,1880-1889,1886,Cpl Lindeloff,SA
1,1880-1889,1887,Lt A Robertson,SA
1,1880-1889,1888,Pte A Webster,SA
1,1880-1889,1889,Pte Crittenden,SA
1,1880-1889,1880,,WA
1,1880-1889,1881,,WA
1,1880-1889,1882,,WA
1,1880-1889,1883,,WA
1,1880-1889,1884,,WA
1,1880-1889,1885,,WA
1,1880-1889,1886,,WA
1,1880-1889,1887,,WA
1,1880-1889,1888,,WA
1,1880-1889,1889,,WA
1,1880-1889,1880,,NQ
1,1880-1889,1881,,NQ
1,1880-1889,1882,,NQ
1,1880-1889,1883,,NQ
1,1880-1889,1884,,NQ
1,1880-1889,1885,,NQ
1,1880-1889,1886,,NQ
1,1880-1889,1887,,NQ
1,1880-1889,1888,,NQ
1,1880-1889,1889,,NQ
1,1880-1889,1880,,NT
1,1880-1889,1881,,NT
1,1880-1889,1882,,NT
1,1880-1889,1883,,NT
1,1880-1889,1884,,NT
1,1880-1889,1885,,NT
1,1880-1889,1886,,NT
1,1880-1889,1887,,NT
1,1880-1889,1888,,NT
1,1880-1889,1889,,NT
1,1880-1889,1880,,Bisley
1,1880-1889,1881,,Bisley
1,1880-1889,1882,,Bisley
1,1880-1889,1883,,Bisley
1,1880-1889,1884,,Bisley
1,1880-1889,1885,,Bisley
1,1880-1889,1886,,Bisley
1,1880-1889,1887,,Bisley
1,1880-1889,1888,,Bisley
1,1880-1889,1889,,Bisley
2,1890-1899,1890,,NSW
2,1890-1899,1891,W Bradford,NSW
2,1890-1899,1892,J Hawker,NSW
2,1890-1899,1893,A Nelson,NSW
2,1890-1899,1894,A Brooks,NSW
2,1890-1899,1895,H Spencer,NSW
2,1890-1899,1896,A Keating,NSW
2,1890-1899,1897,G Lindsay,NSW
2,1890-1899,1898,J Draper,NSW
2,1890-1899,1899,,NSW
2,1890-1899,1890,J Eales,VIC
2,1890-1899,1891,T Kirt,VIC
2,1890-1899,1892,P Fargher,VIC
2,1890-1899,1893,A Monsborough,VIC
2,1890-1899,1894,C Umphelby,VIC
2,1890-1899,1895,E Saker,VIC
2,1890-1899,1896,E Walter,VIC
2,1890-1899,1897,E Saker,VIC
2,1890-1899,1898,A Carter,VIC
2,1890-1899,1899,C Prott,VIC
2,1890-1899,1890,H Reed,QLD
2,1890-1899,1891,T Gibb,QLD
2,1890-1899,1892,H Elliott,QLD
2,1890-1899,1893,G Bradley,QLD
2,1890-1899,1894,G Bradley,QLD
2,1890-1899,1895,T Grimes,QLD
2,1890-1899,1896,C Green,QLD
2,1890-1899,1897,A Ferguson,QLD
2,1890-1899,1898,G Bradley,QLD
2,1890-1899,1899,G Shaw,QLD
2,1890-1899,1890,R Easther,TAS
2,1890-1899,1891,Sgt Gurr,TAS
2,1890-1899,1892,Cpl Staveley,TAS
2,1890-1899,1893,Sgt Gurr,TAS
2,1890-1899,1894,C Prott,TAS
2,1890-1899,1895,J Gatty,TAS
2,1890-1899,1896,W Bain,TAS
2,1890-1899,1897,W Bain,TAS
2,1890-1899,1898,A Sharland,TAS
2,1890-1899,1899,A Sharland,TAS
2,1890-1899,1890,Sgt W Arnold,SA
2,1890-1899,1891,Sgt Hollingsworth,SA
2,1890-1899,1892,Lt Esselbach,SA
2,1890-1899,1893,Cir Sgt Seaman,SA
2,1890-1899,1894,E Marsson,SA
2,1890-1899,1895,Sgt C Mann,SA
2,1890-1899,1896,Lt Sampson,SA
2,1890-1899,1897,Cpl Bradley,SA
2,1890-1899,1898,Bbdr Carter,SA
2,1890-1899,1899,JT Lake,SA
2,1890-1899,1890,,WA
2,1890-1899,1891,,WA
2,1890-1899,1892,,WA
2,1890-1899,1893,,WA
2,1890-1899,1894,,WA
2,1890-1899,1895,,WA
2,1890-1899,1896,,WA
2,1890-1899,1897,,WA
2,1890-1899,1898,,WA
2,1890-1899,1899,,WA
2,1890-1899,1890,,NQ
2,1890-1899,1891,,NQ
2,1890-1899,1892,,NQ
2,1890-1899,1893,,NQ
2,1890-1899,1894,,NQ
2,1890-1899,1895,,NQ
2,1890-1899,1896,,NQ
2,1890-1899,1897,,NQ
2,1890-1899,1898,,NQ
2,1890-1899,1899,,NQ
2,1890-1899,1890,,NT
2,1890-1899,1891,,NT
2,1890-1899,1892,,NT
2,1890-1899,1893,,NT
2,1890-1899,1894,,NT
2,1890-1899,1895,,NT
2,1890-1899,1896,,NT
2,1890-1899,1897,,NT
2,1890-1899,1898,,NT
2,1890-1899,1899,,NT
2,1890-1899,1890,,Bisley
2,1890-1899,1891,,Bisley
2,1890-1899,1892,,Bisley
2,1890-1899,1893,,Bisley
2,1890-1899,1894,,Bisley
2,1890-1899,1895,,Bisley
2,1890-1899,1896,,Bisley
2,1890-1899,1897,,Bisley
2,1890-1899,1898,,Bisley
2,1890-1899,1899,,Bisley
3,1900-1909,1900,Mathison,NSW
3,1900-1909,1901,J Lake,NSW
3,1900-1909,1902,J Lake,NSW
3,1900-1909,1903,W Soden,NSW
3,1900-1909,1904,W Cutler,NSW
3,1900-1909,1905,H Motton,NSW
3,1900-1909,1906,W Keyte,NSW
3,1900-1909,1907,W Cutler,NSW
3,1900-1909,1908,S Edwards,NSW
3,1900-1909,1909,T Roberts,NSW
3,1900-1909,1900,A Carter,VIC
3,1900-1909,1901,H Quinn,VIC
3,1900-1909,1902,R Burr,VIC
3,1900-1909,1903,A Cutler,VIC
3,1900-1909,1904,J Trigg,VIC
3,1900-1909,1905,A Moodie,VIC
3,1900-1909,1906,J Hudson,VIC
3,1900-1909,1907,WOJ Raven,VIC
3,1900-1909,1908,S Edwards,VIC
3,1900-1909,1909,J Williamson,VIC
3,1900-1909,1900,G Shaw,QLD
3,1900-1909,1901,J Gatty,QLD
3,1900-1909,1902,R Wallace,QLD
3,1900-1909,1903,P Thorn,QLD
3,1900-1909,1904,G Bradley,QLD
3,1900-1909,1905,G Bradley,QLD
3,1900-1909,1906,G French,QLD
3,1900-1909,1907,D Condon,QLD
3,1900-1909,1908,S Edwards,QLD
3,1900-1909,1909,A Cutler,QLD
3,1900-1909,1900,A Sharland,TAS
3,1900-1909,1901,W Johnson,TAS
3,1900-1909,1902,Newgreen,TAS
3,1900-1909,1903,R Whittington,TAS
3,1900-1909,1904,,TAS
3,1900-1909,1905,,TAS
3,1900-1909,1906,R Whittington,TAS
3,1900-1909,1907,L.Cpl Fulton,TAS
3,1900-1909,1908,A Grant,TAS
3,1900-1909,1909,W Pilbeam,TAS
3,1900-1909,1900,JT Lake,SA
3,1900-1909,1901,Sgt TW Harley,SA
3,1900-1909,1902,G Howitt,SA
3,1900-1909,1903,W Addison,SA
3,1900-1909,1904,Rev CE Doudney,SA
3,1900-1909,1905,W Addison,SA
3,1900-1909,1906,HR Steinhardt,SA
3,1900-1909,1907,J Williams,SA
3,1900-1909,1908,HR Rutter,SA
3,1900-1909,1909,RH Hall,SA
3,1900-1909,1900,,WA
3,1900-1909,1901,,WA
3,1900-1909,1902,,WA
3,1900-1909,1903,,WA
3,1900-1909,1904,,WA
3,1900-1909,1905,,WA
3,1900-1909,1906,,WA
3,1900-1909,1907,,WA
3,1900-1909,1908,,WA
3,1900-1909,1909,,WA
3,1900-1909,1900,,NQ
3,1900-1909,1901,,NQ
3,1900-1909,1902,,NQ
3,1900-1909,1903,,NQ
3,1900-1909,1904,,NQ
3,1900-1909,1905,,NQ
3,1900-1909,1906,,NQ
3,1900-1909,1907,,NQ
3,1900-1909,1908,,NQ
3,1900-1909,1909,,NQ
3,1900-1909,1900,,NT
3,1900-1909,1901,,NT
3,1900-1909,1902,,NT
3,1900-1909,1903,,NT
3,1900-1909,1904,,NT
3,1900-1909,1905,,NT
3,1900-1909,1906,,NT
3,1900-1909,1907,,NT
3,1900-1909,1908,,NT
3,1900-1909,1909,,NT
3,1900-1909,1900,,Bisley
3,1900-1909,1901,,Bisley
3,1900-1909,1902,,Bisley
3,1900-1909,1903,,Bisley
3,1900-1909,1904,,Bisley
3,1900-1909,1905,,Bisley
3,1900-1909,1906,,Bisley
3,1900-1909,1907,W Addison,Bisley
3,1900-1909,1908,,Bisley
3,1900-1909,1909,,Bisley
4,1910-1919,1910,C Morris,NSW
4,1910-1919,1911,H Motton,NSW
4,1910-1919,1912,R Richards,NSW
4,1910-1919,1913,D McAlister,NSW
4,1910-1919,1914,,NSW
4,1910-1919,1915,,NSW
4,1910-1919,1916,,NSW
4,1910-1919,1917,,NSW
4,1910-1919,1918,,NSW
4,1910-1919,1919,C Williams,NSW
4,1910-1919,1910,F Christian,VIC
4,1910-1919,1911,W Hutchins,VIC
4,1910-1919,1912,P Thurlow,VIC
4,1910-1919,1913,A Halliday,VIC
4,1910-1919,1914,,VIC
4,1910-1919,1915,,VIC
4,1910-1919,1916,,VIC
4,1910-1919,1917,,VIC
4,1910-1919,1918,,VIC
4,1910-1919,1919,,VIC
4,1910-1919,1910,G Fisher,QLD
4,1910-1919,1911,R Ubank,QLD
4,1910-1919,1912,W Moulday,QLD
4,1910-1919,1913,L Hubbard,QLD
4,1910-1919,1914,,QLD
4,1910-1919,1915,,QLD
4,1910-1919,1916,,QLD
4,1910-1919,1917,,QLD
4,1910-1919,1918,,QLD
4,1910-1919,1919,,QLD
4,1910-1919,1910,J McElwee,TAS
4,1910-1919,1911,C Williams,TAS
4,1910-1919,1912,H Goy,TAS
4,1910-1919,1913,J McNamara,TAS
4,1910-1919,1914,,TAS
4,1910-1919,1915,,TAS
4,1910-1919,1916,,TAS
4,1910-1919,1917,,TAS
4,1910-1919,1918,,TAS
4,1910-1919,1919,W Taylor,TAS
4,1910-1919,1910,H Knight,SA
4,1910-1919,1911,H Pascoe,SA
4,1910-1919,1912,W Addison,SA
4,1910-1919,1913,B McAllister,SA
4,1910-1919,1914,,SA
4,1910-1919,1915,,SA
4,1910-1919,1916,,SA
4,1910-1919,1917,,SA
4,1910-1919,1918,,SA
4,1910-1919,1919,,SA
4,1910-1919,1910,W Garritty,WA
4,1910-1919,1911,R Edmonds,WA
4,1910-1919,1912,R Wallace,WA
4,1910-1919,1913,D Jones,WA
4,1910-1919,1914,,WA
4,1910-1919,1915,,WA
4,1910-1919,1916,,WA
4,1910-1919,1917,,WA
4,1910-1919,1918,,WA
4,1910-1919,1919,,WA
4,1910-1919,1910,,NQ
4,1910-1919,1911,W Carroll,NQ
4,1910-1919,1912,H Motton,NQ
4,1910-1919,1913,V Lalor,NQ
4,1910-1919,1914,F Currie,NQ
4,1910-1919,1915,,NQ
4,1910-1919,1916,,NQ
4,1910-1919,1917,,NQ
4,1910-1919,1918,,NQ
4,1910-1919,1919,,NQ
4,1910-1919,1910,,NT
4,1910-1919,1911,,NT
4,1910-1919,1912,,NT
4,1910-1919,1913,,NT
4,1910-1919,1914,,NT
4,1910-1919,1915,,NT
4,1910-1919,1916,,NT
4,1910-1919,1917,,NT
4,1910-1919,1918,,NT
4,1910-1919,1919,,NT
4,1910-1919,1910,,Bisley
4,1910-1919,1911,,Bisley
4,1910-1919,1912,,Bisley
4,1910-1919,1913,,Bisley
4,1910-1919,1914,,Bisley
4,1910-1919,1915,,Bisley
4,1910-1919,1916,,Bisley
4,1910-1919,1917,,Bisley
4,1910-1919,1918,,Bisley
4,1910-1919,1919,,Bisley
5,1920-1929,1920,J Face,NSW
5,1920-1929,1921,C Williams,NSW
5,1920-1929,1922,F Smith,NSW
5,1920-1929,1923,S Watson,NSW
5,1920-1929,1924,C Elsley,NSW
5,1920-1929,1925,H Jones,NSW
5,1920-1929,1926,O Stanton,NSW
5,1920-1929,1927,R Gunn,NSW
5,1920-1929,1928,F Harrison,NSW
5,1920-1929,1929,F Nelson,NSW
5,1920-1929,1920,G Godkin,VIC
5,1920-1929,1921,W Kyete,VIC
5,1920-1929,1922,,VIC
5,1920-1929,1923,W Cutler,VIC
5,1920-1929,1924,W Kyete,VIC
5,1920-1929,1925,H Natt,VIC
5,1920-1929,1926,H Kershaw,VIC
5,1920-1929,1927,W Green,VIC
5,1920-1929,1928,S Watson,VIC
5,1920-1929,1929,G Mayhew,VIC
5,1920-1929,1920,J Cadden,QLD
5,1920-1929,1921,W Roberts,QLD
5,1920-1929,1922,J Cadden,QLD
5,1920-1929,1923,F Arvier,QLD
5,1920-1929,1924,H Battishall,QLD
5,1920-1929,1925,H Mason,QLD
5,1920-1929,1926,J Clancy,QLD
5,1920-1929,1927,C Armstrong,QLD
5,1920-1929,1928,G Zillman,QLD
5,1920-1929,1929,N Woodyatt,QLD
5,1920-1929,1920,W Taylor,TAS
5,1920-1929,1921,E Jones,TAS
5,1920-1929,1922,E Goucher,TAS
5,1920-1929,1923,E Goucher,TAS
5,1920-1929,1924,W Cutler,TAS
5,1920-1929,1925,R Calvert,TAS
5,1920-1929,1926,O Ford,TAS
5,1920-1929,1927,E Latham,TAS
5,1920-1929,1928,C Rodman,TAS
5,1920-1929,1929,C Upton,TAS
5,1920-1929,1920,S Edwards,SA
5,1920-1929,1921,T Roberts,SA
5,1920-1929,1922,T Roberts,SA
5,1920-1929,1923,W Harris,SA
5,1920-1929,1924,J Williams,SA
5,1920-1929,1925,HM Natt,SA
5,1920-1929,1926,E Gare,SA
5,1920-1929,1927,R Dewar,SA
5,1920-1929,1928,HM Natt,SA
5,1920-1929,1929,W Thompson,SA
5,1920-1929,1920,A Suraski,WA
5,1920-1929,1921,R Adams,WA
5,1920-1929,1922,S Jackson,WA
5,1920-1929,1923,R Clarke,WA
5,1920-1929,1924,D McDonald,WA
5,1920-1929,1925,R Halliday,WA
5,1920-1929,1926,E Gare,WA
5,1920-1929,1927,W Garritty,WA
5,1920-1929,1928,L Hill,WA
5,1920-1929,1929,W Hackfath,WA
5,1920-1929,1920,P Matthews,NQ
5,1920-1929,1921,J Castres,NQ
5,1920-1929,1922,,NQ
5,1920-1929,1923,R Kincade,NQ
5,1920-1929,1924,C Munroe,NQ
5,1920-1929,1925,N McIntyre,NQ
5,1920-1929,1926,K Gordon,NQ
5,1920-1929,1927,G Zillman,NQ
5,1920-1929,1928,J Castres,NQ
5,1920-1929,1929,F Bode,NQ
5,1920-1929,1920,,NT
5,1920-1929,1921,,NT
5,1920-1929,1922,,NT
5,1920-1929,1923,,NT
5,1920-1929,1924,,NT
5,1920-1929,1925,,NT
5,1920-1929,1926,,NT
5,1920-1929,1927,,NT
5,1920-1929,1928,,NT
5,1920-1929,1929,,NT
5,1920-1929,1920,,Bisley
5,1920-1929,1921,,Bisley
5,1920-1929,1922,,Bisley
5,1920-1929,1923,,Bisley
5,1920-1929,1924,,Bisley
5,1920-1929,1925,,Bisley
5,1920-1929,1926,,Bisley
5,1920-1929,1927,,Bisley
5,1920-1929,1928,,Bisley
5,1920-1929,1929,,Bisley
6,1930-1939,1930,R Gunn,NSW
6,1930-1939,1931,P Pavey,NSW
6,1930-1939,1932,L Smith,NSW
6,1930-1939,1933,J Feltham,NSW
6,1930-1939,1934,F Agate,NSW
6,1930-1939,1935,T Ashton,NSW
6,1930-1939,1936,W Draper,NSW
6,1930-1939,1937,V Buttsworth,NSW
6,1930-1939,1938,P Lee,NSW
6,1930-1939,1939,,NSW
6,1930-1939,1930,P Pavey,VIC
6,1930-1939,1931,L Barrad,VIC
6,1930-1939,1932,P Pavey,VIC
6,1930-1939,1933,J Searis,VIC
6,1930-1939,1934,H Johnson,VIC
6,1930-1939,1935,P Pavey,VIC
6,1930-1939,1936,P Lee,VIC
6,1930-1939,1937,C Armstrong,VIC
6,1930-1939,1938,C Forrester,VIC
6,1930-1939,1939,H James,VIC
6,1930-1939,1930,P Pavey,QLD
6,1930-1939,1931,E Virgin,QLD
6,1930-1939,1932,D Mcdonald,QLD
6,1930-1939,1933,C Armstrong,QLD
6,1930-1939,1934,H Pinkerton,QLD
6,1930-1939,1935,O Boyd,QLD
6,1930-1939,1936,P Lee,QLD
6,1930-1939,1937,W Harris,QLD
6,1930-1939,1938,C Armstrong,QLD
6,1930-1939,1939,P Pavey,QLD
6,1930-1939,1930,,TAS
6,1930-1939,1931,A Faulkner,TAS
6,1930-1939,1932,R Exton,TAS
6,1930-1939,1933,P Gillies,TAS
6,1930-1939,1934,P Gillies,TAS
6,1930-1939,1935,G Chisolm,TAS
6,1930-1939,1936,E Dean,TAS
6,1930-1939,1937,H McElwee,TAS
6,1930-1939,1938,P Pavey,TAS
6,1930-1939,1939,,TAS
6,1930-1939,1930,D Davies,SA
6,1930-1939,1931,H Bain,SA
6,1930-1939,1932,HM Natt,SA
6,1930-1939,1933,A Bain,SA
6,1930-1939,1934,D Hancock,SA
6,1930-1939,1935,R Robertson,SA
6,1930-1939,1936,C Armstrong,SA
6,1930-1939,1937,G Nutt,SA
6,1930-1939,1938,P Pavey,SA
6,1930-1939,1939,,SA
6,1930-1939,1930,W Schlam,WA
6,1930-1939,1931,E Keay,WA
6,1930-1939,1932,R Gratte,WA
6,1930-1939,1933,E Gare,WA
6,1930-1939,1934,W Mellows,WA
6,1930-1939,1935,R Larsen,WA
6,1930-1939,1936,P Lee,WA
6,1930-1939,1937,C Gawned,WA
6,1930-1939,1938,H Vague,WA
6,1930-1939,1939,,WA
6,1930-1939,1930,J Castres,NQ
6,1930-1939,1931,T Whitchurch,NQ
6,1930-1939,1932,H George,NQ
6,1930-1939,1933,P Matthews,NQ
6,1930-1939,1934,J Power,NQ
6,1930-1939,1935,F Zemek,NQ
6,1930-1939,1936,P Matthews,NQ
6,1930-1939,1937,C McClymont,NQ
6,1930-1939,1938,C McClymont,NQ
6,1930-1939,1939,C McClymont,NQ
6,1930-1939,1930,,NT
6,1930-1939,1931,,NT
6,1930-1939,1932,,NT
6,1930-1939,1933,,NT
6,1930-1939,1934,,NT
6,1930-1939,1935,,NT
6,1930-1939,1936,,NT
6,1930-1939,1937,,NT
6,1930-1939,1938,,NT
6,1930-1939,1939,,NT
6,1930-1939,1930,,Bisley
6,1930-1939,1931,,Bisley
6,1930-1939,1932,,Bisley
6,1930-1939,1933,,Bisley
6,1930-1939,1934,,Bisley
6,1930-1939,1935,,Bisley
6,1930-1939,1936,,Bisley
6,1930-1939,1937,,Bisley
6,1930-1939,1938,,Bisley
6,1930-1939,1939,,Bisley
7,1940-1949,1940,,NSW
7,1940-1949,1941,,NSW
7,1940-1949,1942,,NSW
7,1940-1949,1943,,NSW
7,1940-1949,1944,,NSW
7,1940-1949,1945,,NSW
7,1940-1949,1946,,NSW
7,1940-1949,1947,,NSW
7,1940-1949,1948,C Campbell,NSW
7,1940-1949,1949,W Oakley,NSW
7,1940-1949,1940,,VIC
7,1940-1949,1941,,VIC
7,1940-1949,1942,,VIC
7,1940-1949,1943,,VIC
7,1940-1949,1944,,VIC
7,1940-1949,1945,,VIC
7,1940-1949,1946,,VIC
7,1940-1949,1947,,VIC
7,1940-1949,1948,D Shepherd,VIC
7,1940-1949,1949,G Letts,VIC
7,1940-1949,1940,,QLD
7,1940-1949,1941,,QLD
7,1940-1949,1942,,QLD
7,1940-1949,1943,,QLD
7,1940-1949,1944,,QLD
7,1940-1949,1945,,QLD
7,1940-1949,1946,,QLD
7,1940-1949,1947,,QLD
7,1940-1949,1948,G Grummitt,QLD
7,1940-1949,1949,J Feltham,QLD
7,1940-1949,1940,,TAS
7,1940-1949,1941,,TAS
7,1940-1949,1942,,TAS
7,1940-1949,1943,,TAS
7,1940-1949,1944,,TAS
7,1940-1949,1945,,TAS
7,1940-1949,1946,,TAS
7,1940-1949,1947,,TAS
7,1940-1949,1948,E Dean,TAS
7,1940-1949,1949,A Boyes,TAS
7,1940-1949,1940,,SA
7,1940-1949,1941,,SA
7,1940-1949,1942,,SA
7,1940-1949,1943,,SA
7,1940-1949,1944,,SA
7,1940-1949,1945,,SA
7,1940-1949,1946,,SA
7,1940-1949,1947,,SA
7,1940-1949,1948,E E Koster,SA
7,1940-1949,1949,J Faroe,SA
7,1940-1949,1940,,WA
7,1940-1949,1941,,WA
7,1940-1949,1942,,WA
7,1940-1949,1943,,WA
7,1940-1949,1944,,WA
7,1940-1949,1945,,WA
7,1940-1949,1946,,WA
7,1940-1949,1947,,WA
7,1940-1949,1948,W Mellows,WA
7,1940-1949,1949,W Henderson,WA
7,1940-1949,1940,,NQ
7,1940-1949,1941,,NQ
7,1940-1949,1942,,NQ
7,1940-1949,1943,,NQ
7,1940-1949,1944,,NQ
7,1940-1949,1945,,NQ
7,1940-1949,1946,,NQ
7,1940-1949,1947,,NQ
7,1940-1949,1948,A Kidd,NQ
7,1940-1949,1949,W Walker,NQ
7,1940-1949,1940,,NT
7,1940-1949,1941,,NT
7,1940-1949,1942,,NT
7,1940-1949,1943,,NT
7,1940-1949,1944,,NT
7,1940-1949,1945,,NT
7,1940-1949,1946,,NT
7,1940-1949,1947,,NT
7,1940-1949,1948,,NT
7,1940-1949,1949,,NT
7,1940-1949,1940,,Bisley
7,1940-1949,1941,,Bisley
7,1940-1949,1942,,Bisley
7,1940-1949,1943,,Bisley
7,1940-1949,1944,,Bisley
7,1940-1949,1945,,Bisley
7,1940-1949,1946,,Bisley
7,1940-1949,1947,,Bisley
7,1940-1949,1948,P Pavey,Bisley
7,1940-1949,1949,,Bisley
8,1950-1959,1950,R Parker,NSW
8,1950-1959,1951,H James,NSW
8,1950-1959,1952,P Pavey,NSW
8,1950-1959,1953,K Lee,NSW
8,1950-1959,1954,J Feltham,NSW
8,1950-1959,1955,L Hair,NSW
8,1950-1959,1956,D Williams,NSW
8,1950-1959,1957,D Shepherd,NSW
8,1950-1959,1958,J Picton,NSW
8,1950-1959,1959,O Pattinson,NSW
8,1950-1959,1950,A Schroeder,VIC
8,1950-1959,1951,T Stephens,VIC
8,1950-1959,1952,R Parker,VIC
8,1950-1959,1953,L Dove,VIC
8,1950-1959,1954,D Cadden,VIC
8,1950-1959,1955,L Dove,VIC
8,1950-1959,1956,A Perrin,VIC
8,1950-1959,1957,D McKenzie,VIC
8,1950-1959,1958,P Pavey,VIC
8,1950-1959,1959,P Pavey,VIC
8,1950-1959,1950,P Pavey,QLD
8,1950-1959,1951,A Duncan,QLD
8,1950-1959,1952,L Morris,QLD
8,1950-1959,1953,V Barnier,QLD
8,1950-1959,1954,L Morris,QLD
8,1950-1959,1955,N McLennan,QLD
8,1950-1959,1956,A James,QLD
8,1950-1959,1957,L Dove,QLD
8,1950-1959,1958,A James,QLD
8,1950-1959,1959,W Smith,QLD
8,1950-1959,1950,E Dean,TAS
8,1950-1959,1951,H Grimsay,TAS
8,1950-1959,1952,S Haynes,TAS
8,1950-1959,1953,T Griffiths,TAS
8,1950-1959,1954,L Hair,TAS
8,1950-1959,1955,E Thompson,TAS
8,1950-1959,1956,P Pavey,TAS
8,1950-1959,1957,K Gilham,TAS
8,1950-1959,1958,C Bell,TAS
8,1950-1959,1959,V Wilcox,TAS
8,1950-1959,1950,VC Stein,SA
8,1950-1959,1951,HM Matt,SA
8,1950-1959,1952,Lt-Col TC Williamson,SA
8,1950-1959,1953,LW Lock,SA
8,1950-1959,1954,VC Stein,SA
8,1950-1959,1955,P Pavey,SA
8,1950-1959,1956,LW Lock,SA
8,1950-1959,1957,J Sweet,SA
8,1950-1959,1958,LW Lock,SA
8,1950-1959,1959,LW Lock,SA
8,1950-1959,1950,M Nenghini,WA
8,1950-1959,1951,A Francis,WA
8,1950-1959,1952,S Heffernan,WA
8,1950-1959,1953,S McAskill,WA
8,1950-1959,1954,T Stokes,WA
8,1950-1959,1955,N Blurton,WA
8,1950-1959,1956,W Mellows,WA
8,1950-1959,1957,R Cochrane,WA
8,1950-1959,1958,C Collyer,WA
8,1950-1959,1959,K Richards,WA
8,1950-1959,1950,A Kidd,NQ
8,1950-1959,1951,A Duncan,NQ
8,1950-1959,1952,R Fisher,NQ
8,1950-1959,1953,N McLennan,NQ
8,1950-1959,1954,H Ryder,NQ
8,1950-1959,1955,G Perrin,NQ
8,1950-1959,1956,G Abel,NQ
8,1950-1959,1957,G Perrin,NQ
8,1950-1959,1958,J drever,NQ
8,1950-1959,1959,G Perrin,NQ
8,1950-1959,1950,,NT
8,1950-1959,1951,,NT
8,1950-1959,1952,,NT
8,1950-1959,1953,,NT
8,1950-1959,1954,,NT
8,1950-1959,1955,,NT
8,1950-1959,1956,,NT
8,1950-1959,1957,,NT
8,1950-1959,1958,,NT
8,1950-1959,1959,,NT
8,1950-1959,1950,,Bisley
8,1950-1959,1951,,Bisley
8,1950-1959,1952,,Bisley
8,1950-1959,1953,,Bisley
8,1950-1959,1954,,Bisley
8,1950-1959,1955,,Bisley
8,1950-1959,1956,,Bisley
8,1950-1959,1957,,Bisley
8,1950-1959,1958,,Bisley
8,1950-1959,1959,,Bisley
9,1960-1969,1960,J Kirkwood,NSW
9,1960-1969,1961,D Watson,NSW
9,1960-1969,1962,F Duncan,NSW
9,1960-1969,1963,R Dean,NSW
9,1960-1969,1964,N Irving,NSW
9,1960-1969,1965,D Gibbs,NSW
9,1960-1969,1966,J Carman,NSW
9,1960-1969,1967,F Duncan,NSW
9,1960-1969,1968,K Kennedy,NSW
9,1960-1969,1969,T Carter,NSW
9,1960-1969,1960,J Simpson,VIC
9,1960-1969,1961,L Hair,VIC
9,1960-1969,1962,G Natt,VIC
9,1960-1969,1963,J Kirkwood,VIC
9,1960-1969,1964,J Enderlin,VIC
9,1960-1969,1965,D Hirth,VIC
9,1960-1969,1966,R Wasley,VIC
9,1960-1969,1967,J Alley,VIC
9,1960-1969,1968,P Hallett,VIC
9,1960-1969,1969,N Helmore,VIC
9,1960-1969,1960,A James,QLD
9,1960-1969,1961,D Williams,QLD
9,1960-1969,1962,C Moss,QLD
9,1960-1969,1963,P Gartner,QLD
9,1960-1969,1964,A Burling,QLD
9,1960-1969,1965,W Hogarth,QLD
9,1960-1969,1966,J Carman,QLD
9,1960-1969,1967,,QLD
9,1960-1969,1968,L Scott,QLD
9,1960-1969,1969,W Smith,QLD
9,1960-1969,1960,R Laing,TAS
9,1960-1969,1961,E Harvey,TAS
9,1960-1969,1962,E Thompson,TAS
9,1960-1969,1963,B Johnston,TAS
9,1960-1969,1964,B Johnston,TAS
9,1960-1969,1965,M Friend,TAS
9,1960-1969,1966,J Bartlett,TAS
9,1960-1969,1967,D Bottle,TAS
9,1960-1969,1968,R Braithwaite,TAS
9,1960-1969,1969,B Johnston,TAS
9,1960-1969,1960,LW Lock,SA
9,1960-1969,1961,ML Friend,SA
9,1960-1969,1962,ML Friend,SA
9,1960-1969,1963,AL Hobbs,SA
9,1960-1969,1964,LJ Ward,SA
9,1960-1969,1965,LJ McInerney,SA
9,1960-1969,1966,AL Hobbs,SA
9,1960-1969,1967,ML Friend,SA
9,1960-1969,1968,KM Hunt,SA
9,1960-1969,1969,J Kirkwood,SA
9,1960-1969,1960,W Mellows,WA
9,1960-1969,1961,M Herbert,WA
9,1960-1969,1962,D Gibbs,WA
9,1960-1969,1963,N Milligan,WA
9,1960-1969,1964,C Ellis,WA
9,1960-1969,1965,T Stokes,WA
9,1960-1969,1966,C McColl,WA
9,1960-1969,1967,T Gilmore,WA
9,1960-1969,1968,J E Moore,WA
9,1960-1969,1969,S Connell,WA
9,1960-1969,1960,A James,NQ
9,1960-1969,1961,D Williams,NQ
9,1960-1969,1962,C Moss,NQ
9,1960-1969,1963,P Gartner,NQ
9,1960-1969,1964,A Burling,NQ
9,1960-1969,1965,W Hogarth,NQ
9,1960-1969,1966,J Carman,NQ
9,1960-1969,1967,,NQ
9,1960-1969,1968,L Scott,NQ
9,1960-1969,1969,W Smith,NQ
9,1960-1969,1960,,NT
9,1960-1969,1961,,NT
9,1960-1969,1962,,NT
9,1960-1969,1963,,NT
9,1960-1969,1964,,NT
9,1960-1969,1965,,NT
9,1960-1969,1966,,NT
9,1960-1969,1967,,NT
9,1960-1969,1968,,NT
9,1960-1969,1969,,NT
9,1960-1969,1960,,Bisley
9,1960-1969,1961,,Bisley
9,1960-1969,1962,,Bisley
9,1960-1969,1963,,Bisley
9,1960-1969,1964,,Bisley
9,1960-1969,1965,,Bisley
9,1960-1969,1966,,Bisley
9,1960-1969,1967,,Bisley
9,1960-1969,1968,,Bisley
9,1960-1969,1969,,Bisley
10,1970-1979,1970,G Okeeffe,NSW
10,1970-1979,1971,G Hahn,NSW
10,1970-1979,1972,,NSW
10,1970-1979,1973,J Pemberton,NSW
10,1970-1979,1974,J Killian,NSW
10,1970-1979,1975,J Percival,NSW
10,1970-1979,1976,B Doohan,NSW
10,1970-1979,1977,B Doohan,NSW
10,1970-1979,1978,G Hahn,NSW
10,1970-1979,1979,A Powell,NSW
10,1970-1979,1970,G Hahn,VIC
10,1970-1979,1971,G Berman,VIC
10,1970-1979,1972,B Wright,VIC
10,1970-1979,1973,P Hallett,VIC
10,1970-1979,1974,W Mitchell,VIC
10,1970-1979,1975,D Arnold,VIC
10,1970-1979,1976,G Berman,VIC
10,1970-1979,1977,S Golinski,VIC
10,1970-1979,1978,D Hirth,VIC
10,1970-1979,1979,S Dunstall,VIC
10,1970-1979,1970,D Cadden,QLD
10,1970-1979,1971,G Male,QLD
10,1970-1979,1972,R Hinkler,QLD
10,1970-1979,1973,W Smith,QLD
10,1970-1979,1974,A Burling,QLD
10,1970-1979,1975,L Felton,QLD
10,1970-1979,1976,M Hobbs,QLD
10,1970-1979,1977,G Kerr,QLD
10,1970-1979,1978,C Thiedeke,QLD
10,1970-1979,1979,H Griffiths,QLD
10,1970-1979,1970,M Dow,TAS
10,1970-1979,1971,E Thompson,TAS
10,1970-1979,1972,L McInerney,TAS
10,1970-1979,1973,J Reilly,TAS
10,1970-1979,1974,G Ayling,TAS
10,1970-1979,1975,T Moore,TAS
10,1970-1979,1976,G Ayling,TAS
10,1970-1979,1977,A Powell,TAS
10,1970-1979,1978,G Ayling,TAS
10,1970-1979,1979,G Ayling,TAS
10,1970-1979,1970,B Doohan,SA
10,1970-1979,1971,ML Friend,SA
10,1970-1979,1972,AD Alaway,SA
10,1970-1979,1973,A Obersby,SA
10,1970-1979,1974,E Thompson,SA
10,1970-1979,1975,G Kerr,SA
10,1970-1979,1976,J McDermott,SA
10,1970-1979,1977,S Dunstall,SA
10,1970-1979,1978,JA Bartlett,SA
10,1970-1979,1979,A Powell,SA
10,1970-1979,1970,R Herbert,WA
10,1970-1979,1971,S Hayes,WA
10,1970-1979,1972,H Standring,WA
10,1970-1979,1973,P Smeets,WA
10,1970-1979,1974,L Felton,WA
10,1970-1979,1975,L Davidson,WA
10,1970-1979,1976,J Sweet,WA
10,1970-1979,1977,S Connell,WA
10,1970-1979,1978,D Marsden,WA
10,1970-1979,1979,B Sheppard,WA
10,1970-1979,1970,E Townson,NQ
10,1970-1979,1971,J Dodds,NQ
10,1970-1979,1972,J Long,NQ
10,1970-1979,1973,K McLachlan,NQ
10,1970-1979,1974,L Neilsen,NQ
10,1970-1979,1975,W Smith,NQ
10,1970-1979,1976,R Stewart,NQ
10,1970-1979,1977,A Powell,NQ
10,1970-1979,1978,G Ayling,NQ
10,1970-1979,1979,W Smith,NQ
10,1970-1979,1970,,Nat
10,1970-1979,1971,,Nat
10,1970-1979,1972,R Richards-Mousley,Nat
10,1970-1979,1973,J Sweet,Nat
10,1970-1979,1974,LJ McInerney,Nat
10,1970-1979,1975,KN Sadler,Nat
10,1970-1979,1976,W Angel,Nat
10,1970-1979,1977,P Hallett,Nat
10,1970-1979,1978,G Ayling,Nat
10,1970-1979,1979,S Golinski,Nat
10,1970-1979,1970,,NT
10,1970-1979,1971,,NT
10,1970-1979,1972,,NT
10,1970-1979,1973,,NT
10,1970-1979,1974,,NT
10,1970-1979,1975,,NT
10,1970-1979,1976,,NT
10,1970-1979,1977,,NT
10,1970-1979,1978,,NT
10,1970-1979,1979,,NT
10,1970-1979,1970,,Bisley
10,1970-1979,1971,,Bisley
10,1970-1979,1972,,Bisley
10,1970-1979,1973,,Bisley
10,1970-1979,1974,,Bisley
10,1970-1979,1975,,Bisley
10,1970-1979,1976,,Bisley
10,1970-1979,1977,,Bisley
10,1970-1979,1978,R Graham,Bisley
10,1970-1979,1979,,Bisley
11,1980-89,1980,S Golinski,NSW
11,1980-89,1981,A Wright,NSW
11,1980-89,1982,P Robinson,NSW
11,1980-89,1983,B Bowden,NSW
11,1980-89,1984,I Griffiths,NSW
11,1980-89,1985,B Doohan,NSW
11,1980-89,1986,G Kerr,NSW
11,1980-89,1987,M Buchanan,NSW
11,1980-89,1988,J Dodson,NSW
11,1980-89,1989,R Rush,NSW
11,1980-89,1980,R Wade,VIC
11,1980-89,1981,P Robinson,VIC
11,1980-89,1982,J Brooker,VIC
11,1980-89,1983,G Ayling,VIC
11,1980-89,1984,P Bain,VIC
11,1980-89,1985,O Pattinson,VIC
11,1980-89,1986,J Johnston,VIC
11,1980-89,1987,L Neilsen,VIC
11,1980-89,1988,G Ayling,VIC
11,1980-89,1989,D Campbell,VIC
11,1980-89,1980,M Hobbs,QLD
11,1980-89,1981,G Ayling,QLD
11,1980-89,1982,B Bowden,QLD
11,1980-89,1983,J Reilly,QLD
11,1980-89,1984,S Golinski,QLD
11,1980-89,1985,G Kerr,QLD
11,1980-89,1986,R Rowlands,QLD
11,1980-89,1987,J Alexander,QLD
11,1980-89,1988,J Jacobs,QLD
11,1980-89,1989,K Golder,QLD
11,1980-89,1980,P Robinson,TAS
11,1980-89,1981,G Ayling,TAS
11,1980-89,1982,G Hahn,TAS
11,1980-89,1983,P Robinson,TAS
11,1980-89,1984,L Hawkins,TAS
11,1980-89,1985,R Negus,TAS
11,1980-89,1986,S Birrell,TAS
11,1980-89,1987,No Comp,TAS
11,1980-89,1988,W Heald,TAS
11,1980-89,1989,B Martin,TAS
11,1980-89,1980,A Powell,SA
11,1980-89,1981,W Freebairn,SA
11,1980-89,1982,G Harrison,SA
11,1980-89,1983,P Phillips,SA
11,1980-89,1984,C Thiedeke,SA
11,1980-89,1985,E Thompson,SA
11,1980-89,1986,J Wood,SA
11,1980-89,1987,P Robinson,SA
11,1980-89,1988,A Powell,SA
11,1980-89,1989,H Vreekamp,SA
11,1980-89,1980,D Marsden,WA
11,1980-89,1981,B Sheppard,WA
11,1980-89,1982,B Schlam,WA
11,1980-89,1983,L Fossilo,WA
11,1980-89,1984,C Walldrodt,WA
11,1980-89,1985,G Kerr,WA
11,1980-89,1986,R Scoones,WA
11,1980-89,1987,A Powell,WA
11,1980-89,1988,G Ayling,WA
11,1980-89,1989,D Campbell,WA
11,1980-89,1980,K McLachlan,NQ
11,1980-89,1981,G Hahn,NQ
11,1980-89,1982,C Condon,NQ
11,1980-89,1983,G Kerr,NQ
11,1980-89,1984,J Johnstone,NQ
11,1980-89,1985,G Kerr,NQ
11,1980-89,1986,G Kerr,NQ
11,1980-89,1987,L Neilsen,NQ
11,1980-89,1988,N Crawshaw,NQ
11,1980-89,1989,L Neilsen,NQ
11,1980-89,1980,R Negus,Nat
11,1980-89,1981,R Spillman,Nat
11,1980-89,1982,R Swindle,Nat
11,1980-89,1983,K Hills,Nat
11,1980-89,1984,R Courtney,Nat
11,1980-89,1985,J Corbett,Nat
11,1980-89,1986,S Golinski,Nat
11,1980-89,1987,G Crowe,Nat
11,1980-89,1988,Ron Parker,Nat
11,1980-89,1989,P Robinson,Nat
11,1980-89,1980,P Thompson,NT
11,1980-89,1981,,NT
11,1980-89,1982,P Hallett,NT
11,1980-89,1983,,NT
11,1980-89,1984,T Deed,NT
11,1980-89,1985,,NT
11,1980-89,1986,P Hallett,NT
11,1980-89,1987,,NT
11,1980-89,1988,D Campbell,NT
11,1980-89,1989,,NT
11,1980-89,1980,,Bisley
11,1980-89,1981,G Ayling,Bisley
11,1980-89,1982,,Bisley
11,1980-89,1983,,Bisley
11,1980-89,1984,,Bisley
11,1980-89,1985,,Bisley
11,1980-89,1986,,Bisley
11,1980-89,1987,,Bisley
11,1980-89,1988,,Bisley
11,1980-89,1989,,Bisley
12,1990-99,1990,J Brooker,NSW
12,1990-99,1991,C Wright,NSW
12,1990-99,1992,D Heald,NSW
12,1990-99,1993,R Rush,NSW
12,1990-99,1994,Miss W hadfield,NSW
12,1990-99,1995,R Rush,NSW
12,1990-99,1996,P Schafferius,NSW
12,1990-99,1997,H Griffiths,NSW
12,1990-99,1998,M Buchanan,NSW
12,1990-99,1999,D Brinin,NSW
12,1990-99,1990,B Wood,VIC
12,1990-99,1991,G Grenfell,VIC
12,1990-99,1992,A Hobbs,VIC
12,1990-99,1993,A Powell,VIC
12,1990-99,1994,B Bowden,VIC
12,1990-99,1995,P Phillips,VIC
12,1990-99,1996,P Pearce,VIC
12,1990-99,1997,G Grenfell,VIC
12,1990-99,1998,J Ashton,VIC
12,1990-99,1999,J Davies,VIC
12,1990-99,1990,P Robinson,QLD
12,1990-99,1991,L La Tours,QLD
12,1990-99,1992,K Connor,QLD
12,1990-99,1993,I Cameron,QLD
12,1990-99,1994,T Moon,QLD
12,1990-99,1995,R Rush,QLD
12,1990-99,1996,P Schafferius,QLD
12,1990-99,1997,S Dunstall,QLD
12,1990-99,1998,R Rush,QLD
12,1990-99,1999,S Negus,QLD
12,1990-99,1990,P Robinson,TAS
12,1990-99,1991,J Wood,TAS
12,1990-99,1992,G Ayling,TAS
12,1990-99,1993,B Martin,TAS
12,1990-99,1994,B Martin,TAS
12,1990-99,1995,B Martin,TAS
12,1990-99,1996,A Halstead,TAS
12,1990-99,1997,G Grenfell,TAS
12,1990-99,1998,M Sweet,TAS
12,1990-99,1999,W Grenness,TAS
12,1990-99,1990,G Cavanagh,SA
12,1990-99,1991,K Dyason,SA
12,1990-99,1992,G Berman,SA
12,1990-99,1993,F.O Pinyon,SA
12,1990-99,1994,E Thompson,SA
12,1990-99,1995,A Powell,SA
12,1990-99,1996,B Martin,SA
12,1990-99,1997,P Pearce,SA
12,1990-99,1998,G Crowe,SA
12,1990-99,1999,G Berman,SA
12,1990-99,1990,P Gall,WA
12,1990-99,1991,D Campbell,WA
12,1990-99,1992,P Green,WA
12,1990-99,1993,G Hunter,WA
12,1990-99,1994,B Stubberfield,WA
12,1990-99,1995,L Horwood,WA
12,1990-99,1996,G Mann,WA
12,1990-99,1997,J Wagland,WA
12,1990-99,1998,E Thompson,WA
12,1990-99,1999,A Powell,WA
12,1990-99,1990,D Denman,NQ
12,1990-99,1991,T Moon,NQ
12,1990-99,1992,G Berman,NQ
12,1990-99,1993,J Schafferius,NQ
12,1990-99,1994,G Iszlaub,NQ
12,1990-99,1995,E Thompson,NQ
12,1990-99,1996,J Schafferius,NQ
12,1990-99,1997,H Griffiths,NQ
12,1990-99,1998,B Martin,NQ
12,1990-99,1999,H Griffiths,NQ
12,1990-99,1990,R Swindle,Nat
12,1990-99,1991,J Myles,Nat
12,1990-99,1992,D Matthews,Nat
12,1990-99,1993,T Moon,Nat
12,1990-99,1994,E Thompson,Nat
12,1990-99,1995,P Phillips,Nat
12,1990-99,1996,S Dunstall,Nat
12,1990-99,1997,S Dunstall,Nat
12,1990-99,1998,M Wood,Nat
12,1990-99,1999,J Corbett,Nat
12,1990-99,1990,G Ayling,NT
12,1990-99,1991,,NT
12,1990-99,1992,J Reither,NT
12,1990-99,1993,,NT
12,1990-99,1994,T Moon,NT
12,1990-99,1995,,NT
12,1990-99,1996,J Moore,NT
12,1990-99,1997,,NT
12,1990-99,1998,J Corbett,NT
12,1990-99,1999,,NT
12,1990-99,1990,,Bisley
12,1990-99,1991,,Bisley
12,1990-99,1992,,Bisley
12,1990-99,1993,,Bisley
12,1990-99,1994,,Bisley
12,1990-99,1995,,Bisley
12,1990-99,1996,,Bisley
12,1990-99,1997,,Bisley
12,1990-99,1998,,Bisley
12,1990-99,1999,,Bisley
13,2000-09,2000,S Dunstall,NSW
13,2000-09,2001,J Bailey,NSW
13,2000-09,2002,P Salamon,NSW
13,2000-09,2003,M Buchanan,NSW
13,2000-09,2004,J Corbett,NSW
13,2000-09,2005,M Buchanan,NSW
13,2000-09,2006,J Jeffery,NSW
13,2000-09,2007,M Thurtell,NSW
13,2000-09,2008,J Corbett,NSW
13,2000-09,2009,J Bailey,NSW
13,2000-09,2000,P Salamon,VIC
13,2000-09,2001,P Robinson,VIC
13,2000-09,2002,G Grenfell,VIC
13,2000-09,2003,J Corbett,VIC
13,2000-09,2004,P Salamon,VIC
13,2000-09,2005,J Corbett,VIC
13,2000-09,2006,G Grenfell,VIC
13,2000-09,2007,T Deed,VIC
13,2000-09,2008,Richard Jones,VIC
13,2000-09,2009,M Collings,VIC
13,2000-09,2000,K Lobwein,QLD
13,2000-09,2001,M Garcia,QLD
13,2000-09,2002,C Cole,QLD
13,2000-09,2003,R Rush,QLD
13,2000-09,2004,G Grenfell,QLD
13,2000-09,2005,J Corbett,QLD
13,2000-09,2006,C Cole,QLD
13,2000-09,2007,S Jacobs,QLD
13,2000-09,2008,M Buchanan,QLD
13,2000-09,2009,M Buchanan,QLD
13,2000-09,2000,J Corbett,TAS
13,2000-09,2001,W Grenness,TAS
13,2000-09,2002,R Pederson,TAS
13,2000-09,2003,P Salamon,TAS
13,2000-09,2004,M Wood,TAS
13,2000-09,2005,M Buchanan,TAS
13,2000-09,2006,J Blomfield,TAS
13,2000-09,2007,M Buchanan,TAS
13,2000-09,2008,J Corbett,TAS
13,2000-09,2009,J Corbett,TAS
13,2000-09,2000,S Dunstall,SA
13,2000-09,2001,Ray Jones,SA
13,2000-09,2002,E Thompson,SA
13,2000-09,2003,P Salamon,SA
13,2000-09,2004,R Pederson,SA
13,2000-09,2005,J Corbett,SA
13,2000-09,2006,B Bellchambers,SA
13,2000-09,2007,F.O Pinyon,SA
13,2000-09,2008,G Grenfell,SA
13,2000-09,2009,W Grenness,SA
13,2000-09,2000,G Robertson,WA
13,2000-09,2001,B Thompson,WA
13,2000-09,2002,J Moore,WA
13,2000-09,2003,D Felton,WA
13,2000-09,2004,J Corbett,WA
13,2000-09,2005,G Robertson,WA
13,2000-09,2006,J Moore,WA
13,2000-09,2007,D Felton,WA
13,2000-09,2008,J Corbett,WA
13,2000-09,2009,J Corbett,WA
13,2000-09,2000,W Grenness,NQ
13,2000-09,2001,W Grenness,NQ
13,2000-09,2002,P Schafferius,NQ
13,2000-09,2003,R Dyer,NQ
13,2000-09,2004,D Flynn,NQ
13,2000-09,2005,P Salamon,NQ
13,2000-09,2006,J Corbett,NQ
13,2000-09,2007,H Griffiths,NQ
13,2000-09,2008,M Buchanan,NQ
13,2000-09,2009,M Collings,NQ
13,2000-09,2000,T Doxford,Nat
13,2000-09,2001,J Corbett,Nat
13,2000-09,2002,P Salamon,Nat
13,2000-09,2003,P Salamon,Nat
13,2000-09,2004,C Cole,Nat
13,2000-09,2005,C Cole,Nat
13,2000-09,2006,C Garven,Nat
13,2000-09,2007,C Cole,Nat
13,2000-09,2008,M Buchanan,Nat
13,2000-09,2009,J Corbett,Nat
13,2000-09,2000,A Powell,NT
13,2000-09,2001,,NT
13,2000-09,2002,M Collings,NT
13,2000-09,2003,,NT
13,2000-09,2004,J Baxter,NT
13,2000-09,2005,,NT
13,2000-09,2006,F Baldwin,NT
13,2000-09,2007,,NT
13,2000-09,2008,R Dyer,NT
13,2000-09,2009,,NT
13,2000-09,2000,,ACT
13,2000-09,2001,,ACT
13,2000-09,2002,,ACT
13,2000-09,2003,,ACT
13,2000-09,2004,J Corbett,ACT
13,2000-09,2005,S Dunstall,ACT
13,2000-09,2006,W Grenness,ACT
13,2000-09,2007,J Corbett,ACT
13,2000-09,2008,A Bell,ACT
13,2000-09,2009,T Moon,ACT
13,2000-09,2000,,Bisley
13,2000-09,2001,,Bisley
13,2000-09,2002,,Bisley
13,2000-09,2003,,Bisley
13,2000-09,2004,,Bisley
13,2000-09,2005,,Bisley
13,2000-09,2006,,Bisley
13,2000-09,2007,,Bisley
13,2000-09,2008,,Bisley
13,2010-19,2009,,Bisley
14,2010-19,2010,S Negus,NSW
14,2010-19,2011,J Jeffery,NSW
14,2010-19,2012,S Negus,NSW
14,2010-19,2013,J Bailey,NSW
14,2010-19,2014,S Negus,NSW
14,2010-19,2015,J Bailey,NSW
14,2010-19,2016,J Corbett,NSW
14,2010-19,2017,,NSW
14,2010-19,2018,,NSW
14,2010-19,2019,,NSW
14,2010-19,2010,S Negus,VIC
14,2010-19,2011,J Bailey,VIC
14,2010-19,2012,J Corbett,VIC
14,2010-19,2013,D Brewster,VIC
14,2010-19,2014,M Pozzebon,VIC
14,2010-19,2015,G Grenfell,VIC
14,2010-19,2016,G Grenfell,VIC
14,2010-19,2017,,VIC
14,2010-19,2018,,VIC
14,2010-19,2019,,VIC
14,2010-19,2010,J Corbett,QLD
14,2010-19,2011,G Robertson,QLD
14,2010-19,2012,J Jeffery,QLD
14,2010-19,2013,C Cole,QLD
14,2010-19,2014,H Griffiths,QLD
14,2010-19,2015,P Thurtell,QLD
14,2010-19,2016,J Corbett,QLD
14,2010-19,2017,,QLD
14,2010-19,2018,,QLD
14,2010-19,2019,,QLD
14,2010-19,2010,J Corbett,TAS
14,2010-19,2011,J Corbett,TAS
14,2010-19,2012,J Hawkins,TAS
14,2010-19,2013,S Negus,TAS
14,2010-19,2014,M Teglasi,TAS
14,2010-19,2015,M Walters,TAS
14,2010-19,2016,S Negus,TAS
14,2010-19,2017,,TAS
14,2010-19,2018,,TAS
14,2010-19,2019,,TAS
14,2010-19,2010,F.O Pinyon,SA
14,2010-19,2011,J Stauwer,SA
14,2010-19,2012,J Corbett,SA
14,2010-19,2013,G Grenfell,SA
14,2010-19,2014,S Negus,SA
14,2010-19,2015,F.O Pinyon,SA
14,2010-19,2016,R Atkinson,SA
14,2010-19,2017,,SA
14,2010-19,2018,,SA
14,2010-19,2019,,SA
14,2010-19,2010,G Carlsen,WA
14,2010-19,2011,N Hughes,WA
14,2010-19,2012,D Martin,WA
14,2010-19,2013,J Moore,WA
14,2010-19,2014,M Forsberg,WA
14,2010-19,2015,G Craigie,WA
14,2010-19,2016,J Corbett,WA
14,2010-19,2017,,WA
14,2010-19,2018,,WA
14,2010-19,2019,,WA
14,2010-19,2010,J Corbett,NQ
14,2010-19,2011,H Griffiths,NQ
14,2010-19,2012,J Stauwer,NQ
14,2010-19,2013,J Bailey,NQ
14,2010-19,2014,J Bailey,NQ
14,2010-19,2015,J Bailey,NQ
14,2010-19,2016,B Emms,NQ
14,2010-19,2017,,NQ
14,2010-19,2018,,NQ
14,2010-19,2019,,NQ
14,2010-19,2010,B Litz,Nat
14,2010-19,2011,J whidden,Nat
14,2010-19,2012,J Corbett,Nat
14,2010-19,2013,G Grenfell,Nat
14,2010-19,2014,G Grenfell,Nat
14,2010-19,2015,G Grenfell,Nat
14,2010-19,2016,J Corbett,Nat
14,2010-19,2017,,Nat
14,2010-19,2018,,Nat
14,2010-19,2019,,Nat
14,2010-19,2010,K Young,NT
14,2010-19,2011,,NT
14,2010-19,2012,J Baxter,NT
14,2010-19,2013,,NT
14,2010-19,2014,J Jeffery,NT
14,2010-19,2015,,NT
14,2010-19,2016,J Baxter,NT
14,2010-19,2017,,NT
14,2010-19,2018,,NT
14,2010-19,2019,,NT
14,2010-19,2010,S Dunstall,ACT
14,2010-19,2011,J Bailey,ACT
14,2010-19,2012,G Waddle,ACT
14,2010-19,2013,B Semmler,ACT
14,2010-19,2014,Ray Jones,ACT
14,2010-19,2015,P Thurtell,ACT
14,2010-19,2016,J Bailey,ACT
14,2010-19,2017,,ACT
14,2010-19,2018,,ACT
14,2010-19,2019,,ACT
14,2010-19,2010,,Bisley
14,2010-19,2011,,Bisley
14,2010-19,2012,,Bisley
14,2010-19,2013,J Corbett,Bisley
14,2010-19,2014,,Bisley
14,2010-19,2015,,Bisley
14,2010-19,2016,,Bisley
14,2010-19,2017,,Bisley
14,2010-19,2018,,Bisley
14,2010-19,2019,,Bisley
